Workbook

Sheet 行程總覽
A1: 福岡自由行｜6/25–6/30 行程規劃
A4: 旅程基本資料
A5: 項目 | B5: 內容 | C5: 項目 | D5: 內容 | E5: 項目 | F5: 內容 | G5: 項目 | H5: 內容
A6: 旅遊日期 | B6: 46198 | C6: 回程日期 | D6: 46203 | E6: 天數 | F6: =D6-B6+1 -> 6 | G6: 晚數 | H6: =F6-1 -> 5
A7: 去程起飛 | B7: 46198.601 | C7: 去程抵達 | E7: 回程起飛 | F7: 46203.747 | G7: 回程抵台
A8: 出發機場 | B8: 桃園機場 | C8: 抵達機場 | D8: 福岡機場 FUK | E8: 住宿 | F8: 美野島（博多區） | G8: 同行人數 | H8: 1
A10: 規劃進度與預算摘要
A11: 已規劃行程 | B11: =COUNTIF(每日行程!N5:N31,"已確認") -> 11 | C11: 待確認 | D11: =COUNTIF(每日行程!N5:N31,"待確認") -> 14 | E11: 預估總費用 (JPY) | F11: =SUM(每日行程!L5:L31) -> 0 | G11: 實際總費用 (JPY) | H11: =SUM(每日行程!M5:M31) -> 0
A12: 已完成預訂 | B12: =COUNTIF(每日行程!K5:K31,"已預訂") -> 6 | C12: 尚未預訂 | D12: =COUNTIF(每日行程!K5:K31,"未預訂") -> 19 | E12: 預算上限 (JPY) | F12: =預算!B5 -> 150000 | G12: 剩餘預算 (JPY) | H12: =F12-F11 -> 150000
A14: 每日重點
A15: 日期 | B15: 星期 | C15: 主要區域 | D15: 今日主題／重點 | E15: 住宿 | F15: 預估費用 (JPY) | G15: 實際費用 (JPY) | H15: 備註
A16: 46198 | B16: 星期四 | C16: 博多 | D16: 抵達福岡・入住・博多晚餐 | F16: =SUMIF(每日行程!$A$5:$A$31,A16,每日行程!$L$5:$L$31) -> 0 | G16: =SUMIF(每日行程!$A$5:$A$31,A16,每日行程!$M$5:$M$31) -> 0 | H16: 住宿位於美野島；班機抵達時間待補
A17: 46199 | B17: 星期五 | C17: 篠栗／博多 | D17: 南藏院繡球花祭・博多購物 | F17: =SUMIF(每日行程!$A$5:$A$31,A17,每日行程!$L$5:$L$31) -> 0 | G17: =SUMIF(每日行程!$A$5:$A$31,A17,每日行程!$M$5:$M$31) -> 0 | H17: 住宿至博多站約需預留步行／市區交通時間
A18: 46200 | B18: 星期六 | C18: 糸島 | D18: 跟團一日遊 | F18: =SUMIF(每日行程!$A$5:$A$31,A18,每日行程!$L$5:$L$31) -> 0 | G18: =SUMIF(每日行程!$A$5:$A$31,A18,每日行程!$M$5:$M$31) -> 0 | H18: 已預訂租車；分店與保險待確認
A19: 46201 | B19: 星期日 | C19: 太宰府／柳川 | D19: 太宰府天滿宮・柳川遊船與鰻魚飯 | F19: =SUMIF(每日行程!$A$5:$A$31,A19,每日行程!$L$5:$L$31) -> 0 | G19: =SUMIF(每日行程!$A$5:$A$31,A19,每日行程!$M$5:$M$31) -> 0 | H19: 建議由住宿先前往天神／藥院搭西鐵
A20: 46202 | B20: 星期一 | C20: 天神／大名／藥院 | D20: 商圈、選物店與咖啡 | F20: =SUMIF(每日行程!$A$5:$A$31,A20,每日行程!$L$5:$L$31) -> 0 | G20: =SUMIF(每日行程!$A$5:$A$31,A20,每日行程!$M$5:$M$31) -> 0 | H20: 回程可由天神／藥院返回美野島住宿
A21: 46203 | B21: 星期二 | C21: 博多／福岡機場 | D21: 最後採買・17:55 返台 | F21: =SUMIF(每日行程!$A$5:$A$31,A21,每日行程!$L$5:$L$31) -> 0 | G21: =SUMIF(每日行程!$A$5:$A$31,A21,每日行程!$M$5:$M$31) -> 0 | H21: 取行李後前往博多站筑紫口或直接搭計程車至機場
A23: 提醒：6/26 南藏院繡球花祭為 6/20–6/28、09:00–17:00；6/28 太宰府＋柳川安排完整一日；6/30 17:55 為福岡起飛時間，建議 14:20 左右離開博多。
A27: 參考連結 | B27: 網址
A28: Google Maps 收藏清單 | B28: https://www.google.com/maps/@34.4119437,119.1949559,5.25z/data=!4m2!11m1!2sv_pThMLtEkPlnOMJG1rJS0XH7w0oSA?entry=ttu&g_ep=EgoyMDI2MDYxMC4wIKXMDSoASAFQAw%3D%3D
A29: 南藏院｜2026 繡球花祭 | B29: https://nanzoin.net/event_guide/2026%EF%BC%88%E4%BB%A4%E5%92%8C8%EF%BC%89%E5%B9%B4%E3%81%AE%E3%82%A2%E3%82%B8%E3%82%B5%E3%82%A4%E7%A5%AD%E3%82%8A%E3%81%AB%E3%81%A4%E3%81%84%E3%81%A6%E3%81%AE%E3%81%94%E6%A1%88%E5%86%85/
A30: 西鐵｜太宰府・柳川觀光套票 | B30: https://www.nishitetsu.jp/train/digitalkippu/
A31: 西鐵｜博多站筑紫口－福岡機場國際線 | B31: https://www.nishitetsu.jp/bus/rosen/akeito/
A32: 住宿地址｜美野島 | B32: https://www.google.com/maps/search/?api=1&query=1-4-32+Minoshima%2C+Hakata+Ward%2C+Fukuoka+812-0017

Sheet 每日行程
A1: 每日行程細節｜可用篩選快速查看每天安排
A3: 使用方式：行程已依區域與交通順序更新；餐廳可從 Google Maps 收藏清單插入，並用下拉選單追蹤預訂與確認狀態。
A4: 日期 | B4: 星期 | C4: 時段 | D4: 開始時間 | E4: 結束時間 | F4: 區域 | G4: 類別 | H4: 行程／景點／餐廳 | I4: 出發地 | J4: 交通方式 | K4: 預訂狀態 | L4: 預估費用 JPY | M4: 實際費用 JPY | N4: 行程狀態 | O4: 備註／地圖連結
A5: 46198 | B5: 星期四 | C5: 早上 | D5: 46198.375 | E5: 46198.458 | F5: 台灣 | G5: 交通 | H5: 前往台灣出發機場 | I5: 住處 | J5: 大眾運輸／接送 | K5: 已預訂 | N5: 待確認 | O5: 出發機場與交通方式待補
A6: 46198 | B6: 星期四 | C6: 中午 | D6: 46198.479 | E6: 46198.562 | F6: 台灣機場 | G6: 航班準備 | H6: 航空公司報到、托運、出境、午餐 | I6: 台灣出發機場 | J6: 步行 | K6: 已預訂 | N6: 已確認 | O6: 建議最晚起飛前 2.5–3 小時抵達機場
A7: 46198 | B7: 星期四 | C7: 下午 | D7: 46198.601 | F7: 台灣 → 福岡 | G7: 航班 | H7: 台灣起飛 → 福岡 | I7: 台灣機場（待填） | J7: 飛機 | K7: 已預訂 | N7: 已確認 | O7: 抵達時間與航班編號待補
A8: 46198 | B8: 星期四 | C8: 晚上 | D8: 46198.729 | E8: 46198.833 | F8: 福岡機場 → 博多 | G8: 交通／住宿 | H8: 入境、領行李、前往美野島住宿、辦理入住 | I8: 福岡機場 FUK | J8: 計程車 | K8: 未預訂 | N8: 待確認 | O8: 住宿位於博多區美野島；攜帶行李建議搭計程車或機場巴士轉乘
A9: 46198 | B9: 星期四 | C9: 夜間 | D9: 46198.833 | E9: 46198.917 | F9: 博多 | G9: 餐飲／採買 | H9: 飯店附近晚餐、超商補給 | I9: 美野島住宿 | J9: 步行 | K9: 未預訂 | N9: 待確認 | O9: 第一晚以飯店附近為主，不跨區
A10: 46199 | B10: 星期五 | C10: 早上 | D10: 46199.347 | E10: 46199.521 | F10: 篠栗／南藏院 | G10: 景點 | H10: 南藏院臥佛＋2026 繡球花祭+ | I10: 博多站 | J10: JR 福北豐線 | K10: 未預訂 | N10: 已確認 | O10: 祭典 6/20–6/28、09:00–17:00（16:30 最後入場）；城戶南藏院前站步行約 3 分鐘；穿著需遮肩與膝。
A11: 46199 | B11: 星期五 | C11: 下午 | D11: 46199.521 | E11: 46199.75 | F11: 博多 | G11: 購物／餐飲 | H11: 返回博多、午餐、JR 博多城／AMU Plaza／伴手禮 | I11: 城戶南藏院前站 | J11: JR＋步行 | K11: 未預訂 | N11: 已確認 | O11: 收藏店家可優先安排在博多站與祇園周邊
A12: 46199 | B12: 星期五 | C12: 晚上 | D12: 46199.75 | E12: 46199.833 | F12: 博多 | G12: 餐飲 | H12: 博多晚餐（由收藏店家挑選） | I12: 博多站 | J12: 步行 | K12: 未預訂 | N12: 待確認 | O12: 熱門餐廳建議提前訂位
A13: 46199 | B13: 星期五 | C13: 夜間 | D13: 46199.833 | E13: 46199.917 | F13: 博多／中洲 | G13: 逛街／散步 | H13: Canal City、櫛田神社周邊或中洲散步 | I13: 博多站 | J13: 地鐵／步行 | K13: 未預訂 | N13: 待確認 | O13: 雨天可只逛 Canal City
A14: 46200 | B14: 星期六 | C14: 早上 | D14: 46200.368 | E14: 46200.375 | F14: 博多站筑紫口 | G14: 租車 | H14: 租車報到、確認保險、ETC 與還車規則 | I14: 美野島住宿 | J14: 步行 | K14: 已預訂 | N14: 待確認 | O14: 租車分店、免責補償與還車時間待確認
A15: 46200 | B15: 星期六 | C15: 全天 | D15: 46200.375 | E15: 46200.75 | F15: 糸島 | G15: 自駕景點 | H15: 櫻井二見浦 → 海景午餐 → 芥屋大門／龍貓森林 → 咖啡 → 返回博多 | I15: 租車分店 | J15: 租車 | K15: 已預訂 | N15: 已確認 | O15: 16:30 左右離開糸島，預留週六塞車、加油與還車時間
A16: 46200 | B16: 星期六 | C16: 晚上 | D16: 46200.792 | E16: 46200.875 | F16: 博多 | G16: 餐飲 | H16: 還車後博多晚餐 | I16: 租車分店 | J16: 步行 | K16: 未預訂 | N16: 待確認 | O16: 避免還車後再跨區移動
A17: 46201 | B17: 星期日 | C17: 早上 | D17: 46201.323 | E17: 46201.438 | F17: 太宰府 | G17: 景點 | H17: 西鐵前往太宰府；參道、天滿宮、梅枝餅 | I17: 福岡（天神）站／藥院站 | J17: 西鐵 | K17: 未預訂 | N17: 已確認 | O17: 建議使用太宰府・柳川觀光套票，從天神或藥院啟用
A18: 46201 | B18: 星期日 | C18: 中午 | D18: 46201.438 | E18: 46201.549 | F18: 太宰府 → 柳川 | G18: 交通／景點 | H18: 轉乘前往柳川；報到後搭川下遊船 | I18: 太宰府站 | J18: 西鐵＋接駁 | K18: 未預訂 | N18: 待確認 | O18: 套票含川下遊船；船程約 60–70 分鐘，週末可能候船。
A19: 46201 | B19: 星期日 | C19: 下午 | D19: 46201.556 | E19: 46201.667 | F19: 柳川 | G19: 餐飲／景點 | H19: 鰻魚蒸籠飯、御花、沖端散步 | I19: 遊船下船處 | J19: 步行 | K19: 未預訂 | N19: 待確認 | O19: 鰻魚飯建議先訂位
... A28: 46203 | B28: 星期二 | C28: 中午 | D28: 46203.396 | E28: 46203.562 | F28: 博多 | G28: 購物／餐飲 | H28: 博多站最後購物、伴手禮、午餐 | I28: 美野島住宿 | J28: 步行／公車 | K28: 未預訂 | N28: 已確認 | O28: 不安排近郊，避免錯過班機
A29: 46203 | B29: 星期二 | C29: 下午 | D29: 46203.562 | F29: 博多 → 福岡機場 | G29: 交通／航班 | H29: 返回美野島取行李 → 前往 FUK → 報到／托運 → 17:55 起飛 | I29: 美野島住宿 | J29: 直達巴士／計程車＋飛機 | K29: 已預訂 | N29: 已確認 | O29: 住宿至博多站需另預留交通時間；行李多可直接搭計程車前往機場。

Sheet 預算
A1: 旅行預算｜日圓與台幣換算
A4: 預算設定 | B4: 金額 | D4: 預算 KPI
A5: 總預算上限 (JPY) | B5: 150000 | D5: 剩餘預算 (JPY) | E5: =B5-B7 -> 150000 | G5: 已使用比例 | H5: =IF(B5=0,0,B7/B5) -> 0
A6: 匯率：1 JPY = TWD | B6: 0.22 | D6: 每日平均預算 | E6: =B5/6 -> 25000 | G6: 每日平均預估 | H6: =B7/6 -> 0
A7: 預估總費用 (JPY) | B7: =SUM(C12:C21) -> 0 | D7: 實際總費用 | E7: =SUM(D12:D21) -> 0 | G7: 實際剩餘 | H7: =B5-E7 -> 150000
A8: 預估總費用 (TWD) | B8: =B7*B6 -> 0 | D8: 超支提醒 | E8: =IF(B7>B5,"預估已超支","預算內") -> 預算內 | G8: 換算台幣 | H8: =E7*B6 -> 0
A10: 分類預算明細
A11: 分類 | B11: 預算上限 JPY | C11: 預估 JPY | D11: 實際 JPY | E11: 差額 JPY | F11: 備註
A12: 機票 | E12: =B12-D12 -> 0
A13: 住宿 | E13: =B13-D13 -> 0
A14: 市內交通 | E14: =B14-D14 -> 0
A15: 跨城市交通 | E15: =B15-D15 -> 0
A16: 餐飲 | E16: =B16-D16 -> 0
A17: 景點門票 | E17: =B17-D17 -> 0
A18: 購物 | E18: =B18-D18 -> 0
A19: 網路／保險 | E19: =B19-D19 -> 0
A20: 伴手禮 | E20: =B20-D20 -> 0
A21: 預備金 | E21: =B21-D21 -> 0

Sheet 行前清單
A1: 福岡自由行｜行前準備與預訂清單
A4: 分類 | B4: 事項 | C4: 截止日 | D4: 負責人 | E4: 狀態 | F4: 重要性 | G4: 備註／確認碼
A5: 證件 | B5: 確認護照效期 | C5: 46191 | D5: 自己 | E5: 待處理 | F5: 高
A6: 航班 | B6: 填入航班編號與機場 | C6: 46191 | D6: 自己 | E6: 待處理 | F6: 高 | G6: 去程 14:25；回程 17:55
A7: 住宿 | B7: 確認飯店與入住資訊 | C7: 46191 | D7: 自己 | E7: 待處理 | F7: 高 | G7: https://maps.app.goo.gl/6Mi7RQXpAfigTH538
A8: 交通 | B8: 確認福岡機場到飯店路線 | C8: 46196 | D8: 自己 | E8: 待處理 | F8: 中 | G8: https://reurl.cc/A9Q698
A9: 網路 | B9: 準備 eSIM／SIM／Wi-Fi | C9: 46195 | D9: 自己 | E9: 待處理 | F9: 中
A10: 保險 | B10: 投保旅平險／不便險 | C10: 46195 | D10: 自己 | E10: 待處理 | F10: 中
A11: 付款 | B11: 準備信用卡與日圓現金 | C11: 46197 | D11: 自己 | E11: 待處理 | F11: 高 | G11: 150000
A12: 票券 | B12: 整理景點與交通票券 QR Code | C12: 46197 | D12: 自己 | E12: 待處理 | F12: 中
A13: 行李 | B13: 依天氣準備衣物與雨具 | C13: 46197 | D13: 自己 | E13: 待處理 | F13: 中
A14: 電器 | B14: 充電器、行動電源、轉接頭 | C14: 46197 | D14: 自己 | E14: 待處理 | F14: 中
A15: 資料 | B15: 備份護照、機票、住宿憑證 | C15: 46197 | D15: 自己 | E15: 待處理 | F15: 高
A16: 返程 | B16: 預留抵達福岡機場時間 | C16: 46202 | D16: 自己 | E16: 待處理 | F16: 高 | G16: 17:55 起飛，建議至少提前 2.5–3 小時到機場

Sheet 住宿與聯絡
A1: 住宿、緊急聯絡與重要資訊
A4: 住宿資訊
A5: 住宿日期 | B5: 飯店名稱 | C5: 地址 | D5: 電話 | E5: 入住時間 | F5: 退房時間 | G5: 訂房平台／編號 | H5: 地圖連結
A6: 2026/06/25–06/30（5晚） | B6: 美野島住宿 | C6: 〒812-0017 日本福岡県福岡市博多区美野島1丁目4-32 | H6: https://www.google.com/maps/search/?api=1&query=1-4-32+Minoshima%2C+Hakata+Ward%2C+Fukuoka+812-0017
A10: 緊急與重要聯絡
A11: 類別 | B11: 名稱 | C11: 電話 | D11: 地址／網址 | E11: 可聯絡時間 | F11: 備註
A12: 旅伴／家人 | B12: 傅曉莉 | C12: +886 921466540 | D12: https://share.google/wayYtapmJUg7LYXaJ
A13: 航空公司
A14: 住宿 | B14: 美野島住宿（名稱待補） | D14: 〒812-0017 日本福岡県福岡市博多区美野島1丁目4-32 | F14: 靠近博多站南側；攜帶行李時建議搭計程車或公車
A15: 海外旅遊保險
A16: 台北駐福岡經濟文化辦事處 | C16: +81 92-734-2810 | D16: https://maps.app.goo.gl/K5zDSZETakSbykHL7
